{
  "project_info": {
    "project_number": "807000637974",
    "firebase_url": "https://pilkarskaapp.firebaseio.com",
    "project_id": "pilkarskaapp",
    "storage_bucket": "pilkarskaapp.appspot.com"
  },
  "client": [
    {
      "client_info": {
        "mobilesdk_app_id": "1:807000637974:android:a9ff3edae0fd6fe1",
        "android_client_info": {
          "package_name": "com.example.hejjestemuki.pilkarskaandroid"
        }
      },
      "oauth_client": [
        {
          "client_id": "807000637974-meq2mvveqvvf02q4l0vme6hr0n3fc2ro.apps.googleusercontent.com",
          "client_type": 1,
          "android_info": {
            "package_name": "com.example.hejjestemuki.pilkarskaandroid",
            "certificate_hash": "31f59bde1551e5c093c16653e4931a99e19a0b36"
          }
        },
        {
          "client_id": "807000637974-eckokgidrofaabnojj9833mgvi7n2ohq.apps.googleusercontent.com",
          "client_type": 3
        }
      ],
      "api_key": [
        {
          "current_key": "AIzaSyADU33l05jdb_vHu-QKBpAhoiIiIt3pvHo"
        }
      ],
      "services": {
        "analytics_service": {
          "status": 1
        },
        "appinvite_service": {
          "status": 2,
          "other_platform_oauth_client": [
            {
              "client_id": "807000637974-eckokgidrofaabnojj9833mgvi7n2ohq.apps.googleusercontent.com",
              "client_type": 3
            }
          ]
        },
        "ads_service": {
          "status": 2
        }
      }
    },
    {
      "client_info": {
        "mobilesdk_app_id": "1:807000637974:android:86b8310b924213b5",
        "android_client_info": {
          "package_name": "com.example.lukasz.pilkarskaapp"
        }
      },
      "oauth_client": [
        {
          "client_id": "807000637974-7dopas5l8k5lqqaaum3efu968vo7vnqf.apps.googleusercontent.com",
          "client_type": 1,
          "android_info": {
            "package_name": "com.example.lukasz.pilkarskaapp",
            "certificate_hash": "d39256e4678d30ef8f7fbaae1031d37deb6c048c"
          }
        },
        {
          "client_id": "807000637974-eckokgidrofaabnojj9833mgvi7n2ohq.apps.googleusercontent.com",
          "client_type": 3
        }
      ],
      "api_key": [
        {
          "current_key": "AIzaSyADU33l05jdb_vHu-QKBpAhoiIiIt3pvHo"
        }
      ],
      "services": {
        "analytics_service": {
          "status": 1
        },
        "appinvite_service": {
          "status": 2,
          "other_platform_oauth_client": [
            {
              "client_id": "807000637974-eckokgidrofaabnojj9833mgvi7n2ohq.apps.googleusercontent.com",
              "client_type": 3
            }
          ]
        },
        "ads_service": {
          "status": 2
        }
      }
    }
  ],
  "configuration_version": "1"
}